# kind	id	tag[,tag...]
# kind = act | provision
# Provision id matches the exact row or that id plus ':…' (ART:6 does not match ART:60).
# Tags MUST be the English v1 vocabulary already used on acts in corpus.yaml.
act	EU:REG:2016:679	transparency,international_transfers
provision	RO:LEGE:506:2004:ART:4:P:5	cookies
provision	EU:DIR:2002:58:ART:5:P:3	cookies
provision	EU:REG:2016:679:ART:6	personal_data,privacy
provision	EU:REG:2016:679:ART:7	personal_data,privacy
provision	EU:REG:2016:679:ART:8	personal_data,privacy,children
provision	EU:REG:2016:679:ART:13	personal_data,privacy,transparency
provision	EU:REG:2016:679:ART:15	personal_data,privacy
provision	EU:REG:2016:679:ART:17	personal_data,privacy
provision	EU:REG:2016:679:ART:20	personal_data,privacy
provision	EU:REG:2016:679:ART:22	personal_data,privacy
provision	EU:REG:2016:679:ART:28	personal_data,privacy,compliance
provision	EU:REG:2016:679:ART:33	personal_data,privacy
provision	EU:REG:2016:679:ART:35	personal_data,privacy
provision	EU:REG:2016:679:ART:37	personal_data,privacy
provision	EU:REG:2016:679:ART:44	personal_data,privacy,international_transfers
provision	RO:LEGE:190:2018:ART:10	personal_data,privacy,employment
provision	RO:LEGE:190:2018:ART:12	personal_data,privacy,enforcement
provision	RO:OUG:34:2014:ART:6	distance_contracts
provision	RO:OUG:34:2014:ART:9	withdrawal,distance_contracts
provision	RO:OUG:34:2014:ART:13	withdrawal,distance_contracts
provision	RO:LEGE:365:2002:ART:5	ecommerce,commercial_information,electronic_contracts
provision	RO:LEGE:193:2000:ART:4	terms_and_conditions,contracts
provision	RO:OUG:141:2021:ART:1	digital_content
provision	RO:OUG:140:2021:ART:10	sales,conformity
provision	EU:REG:2022:2065:ART:4	online_platforms,intermediaries
provision	EU:REG:2022:2065:ART:5	online_platforms,intermediaries
provision	EU:REG:2022:2065:ART:6	online_platforms,intermediaries
provision	EU:REG:2022:2065:ART:8	online_platforms,intermediaries
provision	EU:REG:2019:1150:ART:1	marketplaces,online_platforms
provision	EU:REG:2019:1150:ART:3	marketplaces,online_platforms
provision	EU:REG:2019:1150:ART:5	marketplaces,online_platforms
provision	RO:LEGE:232:2022:ART:1	accessibility
provision	RO:LEGE:232:2022:ART:2	accessibility
provision	RO:LEGE:232:2022:ART:5	accessibility
provision	RO:OUG:155:2024:ART:1	cybersecurity
provision	RO:OUG:155:2024:ART:2	cybersecurity
provision	RO:OUG:155:2024:ART:5	cybersecurity
# --- Taguri pentru actele adaugate la 2026-09-29 (verificate in data/legal.db) ---
provision	RO:LEGE:50:2024:ART:1	online_platforms,consumer
provision	RO:LEGE:50:2024:ART:14:P:1	online_platforms
provision	RO:LEGE:50:2024:ART:16:P:1	online_platforms
provision	RO:LEGE:50:2024:ART:21:P:1	disputes,online_platforms
provision	RO:LEGE:50:2024:ART:23:P:1	online_platforms,complaints
provision	RO:LEGE:50:2024:ART:32:P:1	enforcement,consumer
provision	RO:LEGE:50:2024:ART:44:P:1	enforcement,online_platforms
provision	RO:LEGE:50:2024:ART:48:P:1	enforcement,online_platforms
provision	RO:LEGE:50:2024:ART:52	ecommerce,electronic_contracts
provision	RO:LEGE:214:2024:ART:3:P:1	electronic_signature,contracts
provision	RO:LEGE:214:2024:ART:3:P:2	electronic_signature,contracts
provision	RO:LEGE:214:2024:ART:3:P:3	electronic_signature,contracts
provision	RO:LEGE:214:2024:ART:10:P:1	trust_services
provision	RO:LEGE:214:2024:ART:35:P:1	electronic_signature
provision	RO:HG:947:2000:ART:3:P:1	pricing,transparency
provision	RO:HG:947:2000:ART:4:P:1	pricing,transparency
provision	RO:HG:947:2000:ART:4:P:3	pricing,transparency
provision	RO:HG:947:2000:ART:5:P:1	pricing,transparency
provision	RO:OG:38:2015:ART:25:P:1	disputes,complaints
provision	RO:OG:38:2015:ART:25:P:2	disputes,transparency,ecommerce
provision	RO:OG:38:2015:ART:8	disputes,transparency
provision	RO:LEGE:209:2019:ART:220:P:1	authentication,payments
provision	RO:LEGE:209:2019:ART:173	payments,consumer
provision	RO:LEGE:209:2019:ART:171	payments,consumer
provision	RO:LEGE:209:2019:ART:174	payments,consumer
provision	RO:LEGE:209:2019:ART:175	payments,consumer
provision	RO:LEGE:209:2019:ART:177	payments,consumer
provision	RO:LEGE:209:2019:ART:156	payments,authentication,consumer
provision	RO:LEGE:209:2019:ART:160	payments,authentication,consumer
provision	RO:LEGE:209:2019:ART:125:P:1	payments,consumer
provision	RO:OUG:34:2014:ART:16^1:P:1	financial_services,distance_contracts
provision	RO:OUG:34:2014:ART:16^2:P:1	financial_services,withdrawal
provision	RO:LEGE:363:2007:ART:2	green_claims,advertising
provision	RO:LEGE:363:2007:ART:6:P:2:L:d	green_claims,advertising,marketing
provision	RO:LEGE:363:2007:ART:6:P:1:L:b	green_claims,advertising
provision	RO:LEGE:363:2007:ART:10	green_claims,advertising,marketing
provision	EU:DIR:2005:29:ART:6:P:2:L:d	green_claims,advertising
provision	EU:DIR:2005:29:ART:7	green_claims,advertising
provision	EU:DIR:2005:29:ART:2	green_claims,advertising
provision	EU:DIR:2005:29:ANN:1	advertising,marketing,consumer
provision	EU:DIR:2011:83:ART:16a:P:1	financial_services,distance_contracts
provision	EU:DIR:2011:83:ART:16b:P:1	financial_services,withdrawal
provision	EU:DIR:2011:83:ART:16d:P:1	financial_services,consumer
provision	EU:DIR:2011:83:ART:16e:P:1	financial_services,withdrawal
provision	EU:DIR:2011:83:ART:5:P:1	distance_contracts,consumer
provision	EU:DIR:2024:825:ART:1	green_claims,advertising
provision	EU:DIR:2024:825:ART:2	green_claims,consumer
provision	EU:DIR:2024:825:ART:4	green_claims,compliance
provision	EU:DIR:2023:2673:ART:1	financial_services,distance_contracts
provision	EU:DIR:2023:2673:ART:3	financial_services
provision	EU:REG:2023:988:ART:5	product_safety,consumer
provision	EU:REG:2023:988:ART:9:P:1	product_safety,ecommerce
provision	EU:REG:2023:988:ART:19	product_safety,ecommerce,marketplaces
provision	EU:REG:2023:988:ART:22:P:1	marketplaces,product_safety,online_platforms
provision	EU:REG:2023:988:ART:22:P:3	marketplaces,product_safety
provision	EU:REG:2023:988:ART:20:P:1	product_safety,enforcement
provision	EU:REG:2023:988:ART:36	product_safety,complaints
provision	EU:REG:2023:2854:ART:13:P:1	terms_and_conditions,contracts,data_sharing
provision	EU:REG:2023:2854:ART:13:P:3	terms_and_conditions,contracts
provision	EU:REG:2023:2854:ART:13:P:4	terms_and_conditions,contracts
provision	EU:REG:2023:2854:ART:15:P:1	data_sharing,privacy
provision	EU:REG:2023:2854:ART:23	online_services,contracts,data_sharing
provision	EU:REG:2023:2854:ART:25:P:1	online_services,terms_and_conditions
provision	EU:REG:2023:2854:ART:26	online_services,transparency
provision	EU:REG:2023:2854:ART:29:P:1	online_services,pricing
provision	EU:REG:2023:2854:ART:30:P:1	online_services,contracts
provision	EU:REG:2023:2854:ART:31:P:1	online_services,contracts
provision	EU:REG:2023:2854:ART:4:P:1	data_sharing,privacy
provision	EU:REG:2023:2854:ART:5:P:1	data_sharing,contracts
provision	EU:REG:2024:1689:ART:50:P:1	artificial_intelligence,transparency
provision	EU:REG:2024:1689:ART:50:P:2	artificial_intelligence,transparency
provision	EU:REG:2024:1689:ART:50:P:4	artificial_intelligence,transparency
provision	EU:REG:2024:1689:ART:50:P:5	artificial_intelligence,transparency
provision	EU:REG:2024:1689:ART:5	artificial_intelligence,consumer
provision	EU:REG:2024:1689:ART:6	artificial_intelligence
provision	EU:REG:2024:1689:ART:113	artificial_intelligence
provision	EU:DIR:2024:2853:ART:4	product_liability,digital_services
provision	EU:DIR:2024:2853:ART:5:P:1	product_liability,consumer
provision	EU:DIR:2024:2853:ART:7:P:1	product_liability,product_safety
provision	EU:DIR:2024:2853:ART:8:P:1	product_liability,ecommerce,marketplaces
provision	EU:DIR:2024:2853:ART:10:P:1	product_liability,compliance
provision	EU:DIR:2024:2853:ART:13:P:1	product_liability,terms_and_conditions
provision	EU:DIR:2024:2853:ART:15	product_liability,terms_and_conditions
provision	EU:DIR:2022:2555:ART:6	cybersecurity
provision	EU:DIR:2022:2555:ART:7:P:1	cybersecurity
provision	EU:DIR:2022:2555:ART:21:P:1	cybersecurity
provision	EU:DIR:2022:2555:ART:23:P:1	cybersecurity,complaints
provision	EU:DEC:2021:914:ART:1	international_transfers
provision	EU:DEC:2021:914:ANN:1	international_transfers
provision	EU:DEC:2021:914:ANN:2	international_transfers
provision	EU:DEC:2021:915:ART:1	international_transfers,terms_and_conditions
provision	EU:DEC:2021:915:ANN:1	international_transfers,terms_and_conditions
provision	EU:DEC:2023:1795:ART:1	international_transfers
provision	EU:DEC:2023:1795:ART:2	international_transfers,enforcement
provision	EU:DEC:2023:1795:ANN:1	international_transfers
provision	EU:REG:2008:593:ART:3:P:1	governing_law,contracts
provision	EU:REG:2008:593:ART:6:P:1	governing_law,consumer,terms_and_conditions
provision	EU:REG:2008:593:ART:6:P:2	governing_law,consumer
provision	EU:REG:2008:593:ART:9:P:1	governing_law,consumer
provision	EU:REG:2012:1215:ART:17:P:1	jurisdiction_clauses,consumer,disputes
provision	EU:REG:2012:1215:ART:18:P:1	jurisdiction_clauses,consumer,disputes
provision	EU:REG:2012:1215:ART:19	jurisdiction_clauses,consumer,terms_and_conditions
provision	EU:REG:2012:1215:ART:25:P:1	jurisdiction_clauses,contracts
provision	EU:REG:2024:3228:ART:1	disputes,complaints
provision	EU:REG:2024:3228:ART:2:P:1	disputes,complaints
provision	EU:REG:2016:679:ART:45	international_transfers,privacy
provision	EU:REG:2016:679:ART:46	international_transfers,privacy
provision	EU:REG:2014:910:ART:25:P:1	electronic_signature,trust_services
provision	EU:REG:2014:910:ART:25:P:2	electronic_signature,trust_services
provision	EU:REG:2014:910:ART:26	electronic_signature,trust_services
# --- completare pentru intrebarile de eval ---
provision	RO:HG:947:2000:ART:4^1	pricing,advertising
provision	RO:HG:947:2000:ART:7	pricing,transparency
provision	RO:HG:947:2000:ART:10	pricing,transparency
provision	RO:HG:947:2000:ART:2	pricing,transparency
provision	EU:DIR:2024:2853:ART:5	product_liability,consumer
provision	EU:DIR:2024:2853:ART:7	product_liability,product_safety
provision	EU:DIR:2024:2853:ART:8	product_liability,ecommerce
provision	EU:DIR:2024:2853:ART:13	product_liability
provision	EU:DIR:2024:2853:ART:16	product_liability
provision	EU:REG:2024:1689:ART:50	artificial_intelligence,transparency
provision	EU:DEC:2021:914:ANN:2	international_transfers
provision	EU:REG:2023:2854:ART:3:P:1	data_sharing,product_information
provision	RO:OG:38:2015:ART:7:P:1	disputes,transparency
provision	RO:LEGE:209:2019:ART:172	payments,consumer
provision	RO:LEGE:209:2019:ART:176	payments,consumer
